{
  "train_loss": [
    0.6478243914425821,
    0.598458735118235,
    0.5641744964777079,
    0.5521091872027942,
    0.5352323478493923,
    0.5232718238481006,
    0.5125403274270824,
    0.5053767702521238,
    0.4915882818176782,
    0.5097867395252662,
    0.47769586302171974,
    0.481155375284808,
    0.4849483934336139,
    0.46943443895954834,
    0.47230375440497147,
    0.4837605117126963,
    0.44658546208551053,
    0.457513473619868,
    0.4441469282303986,
    0.42407877595492993,
    0.40116214783007936,
    0.37973547624634174
  ],
  "val_loss": [
    0.7124423928558826,
    0.7755982533097268,
    0.7133924052119255,
    0.741340559720993,
    0.7184281893074512,
    0.7596853092312813,
    0.7149304747581482,
    0.7801313452422619,
    0.7075766541063786,
    0.7725882694125176,
    0.7832532711327076,
    0.7818393036723137,
    0.8391754642128945,
    0.8175551570951939,
    0.8979755647480487,
    0.7942933686077595,
    0.7926296897232532,
    0.8509653277695179,
    0.8173016041517258,
    0.8453048445284367,
    0.8617297299206257,
    0.9840785078704357
  ],
  "val_auroc": [
    0.5521628498727735,
    0.5843145738686116,
    0.5934728188645425,
    0.5805544395339495,
    0.5781026259129914,
    0.5801011630662093,
    0.5792667222960514,
    0.5832637966024868,
    0.5637523050138559,
    0.5882601394855311,
    0.5921851016266444,
    0.5944102770137323,
    0.5823881488807162,
    0.5624130790864419,
    0.578967971896859,
    0.5906089357274572,
    0.5741158533444591,
    0.5849584324875607,
    0.5854014072173976,
    0.5915257904008406,
    0.5864985423040867,
    0.5938900392496215
  ]
}