{
  "train_loss": [
    0.6637376829197532,
    0.6333288144796414,
    0.6046368494293743,
    0.567282385844037,
    0.5392235476047473,
    0.5115142423183399,
    0.4934166464814566,
    0.45024051326782183,
    0.4126268728895295,
    0.37533196902140636,
    0.3526718051810014,
    0.328050617744824,
    0.3034741069309245
  ],
  "val_loss": [
    0.6807212680578232,
    0.6744793221354485,
    0.7349558711051941,
    0.7115141838788986,
    0.8836960077285767,
    0.7514661461114883,
    0.7828391909599304,
    0.8140664979815483,
    0.8010460332036018,
    0.854819604754448,
    0.8874616682529449,
    0.8533289179205894,
    1.0710274904966355
  ],
  "val_auroc": [
    0.5341554120180074,
    0.5609296288283834,
    0.5756611140299368,
    0.5939054918564761,
    0.6014360622637038,
    0.6064221034088451,
    0.6044235662556273,
    0.6184648350176676,
    0.6122116801104345,
    0.6151064684612294,
    0.6113875410781799,
    0.6179085411708956,
    0.6160542283483224
  ]
}