{
  "train_loss": [
    0.07894264319841575,
    0.07288581695883795,
    0.06901818257581471,
    0.06252279482725867,
    0.05677302963891648,
    0.04996171672093241,
    0.04675886288453314,
    0.04277086842637089,
    0.03588982675000465,
    0.03035173177039881,
    0.02628596517418448
  ],
  "val_loss": [
    0.6643916994333268,
    0.6618951678276062,
    0.6486174494028092,
    0.6502572312951088,
    0.6518052607774735,
    0.6871902272105217,
    0.6736193433403969,
    0.6779170244932174,
    0.687305498123169,
    0.6962325736880303,
    0.838706149160862
  ],
  "val_auroc": [
    0.5703969259614097,
    0.5799363352597583,
    0.6156215553563886,
    0.6211329851345921,
    0.6117068949531785,
    0.6224413058482966,
    0.6066796468564247,
    0.5959555376992098,
    0.5985000669612963,
    0.6144368554975224,
    0.61530220148139
  ]
}